,abstract,link,reference,title,year
1,"Spammers continually scan the Internet for open proxy relays: by using these open relays, they can obscure their originating IP address and remain anonymous. However, when a spammer comes across a service on a , that can collect valuable …",https://ieeexplore.ieee.org/abstract/document/1264861/,"N Krawetz - IEEE Security & Privacy, 2004 - ieeexplore.ieee.org",Anti-honeypot technology,2004
5,"Because"" botnets"" can be used for illicit financial gain, they have become quite popular in recent Internet attacks."" Honeypots"" have been successfully deployed in many defense systems. Thus, attackers constructing and maintaining botnets are forced to find ways to …",https://ieeexplore.ieee.org/abstract/document/1633509/,", R Cunningham - International Conference on …, 2006 - ieeexplore.ieee.org",-aware advanced botnet construction and maintenance,2006
7,"Modern technology in the area of intrusion detection is technology that, unlike common IDSs, tends to provide the attacker with all the necessary resources needed for a successful attack. Honeypots provide a platform for studying the methods and tools used by …",https://ieeexplore.ieee.org/abstract/document/1356776/,"I Kuwatly, M Sraj, Z Al Masri… - The IEEE/ACS …, 2004 - ieeexplore.ieee.org",A dynamic honeypot design for intrusion detection,2004
10,This paper presents an experimental study and the lessons learned from the observation of the attackers when logged on a compromised machine. The results are based on a six months period during which a controlled experiment has been run with a high interaction …,https://ieeexplore.ieee.org/abstract/document/4020829/,"E Alata, V Nicomette, … - 2006 Sixth European …, 2006 - ieeexplore.ieee.org",Lessons learned from the deployment of a high-interaction ,2006
12,"A is a supplemented active defense system for network security. It traps attacks, records intrusion information about tools and activities of the hacking process, and prevents attacks outbound the compromised system. Integrated with other security solutions, a …",https://ieeexplore.ieee.org/abstract/document/1236295/,"F Zhang, S Zhou, Z Qin, J Liu - Proceedings of the Fourth …, 2003 - ieeexplore.ieee.org",: a supplemented active defense system for network security,2003
19,"Attacks of Ransomware are increasing, this form of malware bypasses many technical solutions by leveraging social engineering methods. This means established methods of perimeter defence need to be supplemented with additional systems. Honeypots are bogus …",https://ieeexplore.ieee.org/abstract/document/7600214/," - 2016 Cybersecurity and Cyberforensics Conference …, 2016 - ieeexplore.ieee.org",Detecting ransomware with honeypot techniques,2016
24,"Rigorously characterizing the statistical properties of cyber attacks is an important problem. In this paper, we propose the first statistical framework for rigorously analyzing -captured cyber attack data. The framework is built on the novel concept of stochastic cyber …",https://ieeexplore.ieee.org/abstract/document/6587320/,", ,  - IEEE Transactions on Information …, 2013 - ieeexplore.ieee.org",Characterizing honeypot -captured cyber attacks: Statistical framework and case study,2013
25,"A major goal of research is to improve our knowledge of blackhats from two perspectives: technical and ethnological. For the former we want new ways to discover rootkits, Trojans, and potential zero-day exploits. For the latter, we want a better …",https://ieeexplore.ieee.org/abstract/document/1324605/,"F Raynal, Y Berthier, P Biondi… - IEEE Security & …, 2004 - ieeexplore.ieee.org",forensics part 1: analyzing the network,2004
27,"This paper presents a summary of university research performed on techniques and summarizes the results Honeypots are computing resources that serve no other purpose on a network than to be a target for attackers, and log data about the attacks. Low …",https://ieeexplore.ieee.org/abstract/document/1579742/,"R McGrew - Proceedings of the 39th Annual Hawaii …, 2006 - ieeexplore.ieee.org","Experiences with honeypot systems: Development, deployment, and analysis",2006
34,"Honeypots are computer systems that try to fool cyberattackers into thinking they are ordinary computer systems, when in fact they are designed solely to collect data about attack methods and thereby enable better defense against attackers. Honeypots are more effective …",https://ieeexplore.ieee.org/abstract/document/1579551/,"NC Rowe - Proceedings of the 39th Annual Hawaii …, 2006 - ieeexplore.ieee.org",Measuring the effectiveness of honeypot counter-counterdeception,2006
35,Voice over IP (VoIP) or telephony services over Internet announces a new revolution in the telecommunication world tor its management simplicity and cost reduction. VoIP security extends the existent risk range of IP protocols and infrastructures and introduces new attacks …,https://ieeexplore.ieee.org/abstract/document/4258527/,", R State,  - 2007 10th IFIP/IEEE International …, 2007 - ieeexplore.ieee.org",VoIP honeypot architecture,2007
38,The deployment of low-interaction honeypots used mainly as deception tools has become more and more common these days. Another interesting but more resource and time consuming playground is made available thanks to high interaction honeypots where a …,https://ieeexplore.ieee.org/abstract/document/1437793/,"F Raynal, Y Berthier, P Biondi… - Proceedings from the …, 2004 - ieeexplore.ieee.org",forensics,2004
39,"Advanced metering infrastructure (AMI) is an important component for a smart grid system to measure, collect, store, analyze, and operate users consumption data. The need of communication and data transmission between consumers (smart meters) and utilities make …",https://ieeexplore.ieee.org/abstract/document/7857804/,", M Du, … - IEEE Transactions on …, 2017 - ieeexplore.ieee.org",Strategic honeypot game model for distributed denial of service attacks in the smart grid,2017
41,"Modern attacks are being made against client side applications, such as web browsers, which most users use to surf and communicate on the internet. Client honeypots visit and interact with suspect web sites in order to detect and collect information about malware to …",https://ieeexplore.ieee.org/abstract/document/5463678/,",  - 2010 Third International Conference on …, 2010 - ieeexplore.ieee.org",Honeyware: a web-based low interaction client ,2010
42,"The Denial-of-Service (DoS) attack remains a challenging problem in the current Internet. In a DoS defense mechanism, a acts as a decoy within a pool of servers, whereby any packet received by the is most likely an attack packet. We have previously …",https://ieeexplore.ieee.org/abstract/document/1639674/,", , … - Proceedings 20th IEEE …, 2006 - ieeexplore.ieee.org",back-propagation for mitigating spoofing distributed denial-of-service attacks,2006
44,"Although flows are an effective method for monitoring honeypots in real time, they are not sufficient if we want to learn more about the intruder. To accomplish this goal, we must investigate the compromised host itself. In this article, we show how to build two timelines of …",https://ieeexplore.ieee.org/abstract/document/1341417/,"F Raynal, Y Berthier, P Biondi… - IEEE security & …, 2004 - ieeexplore.ieee.org","forensics, Part II: analyzing the compromised host",2004
45,"Wireless mesh networking (WMN), the static mesh routers (MRs) cooperatively relay each other packets to the Internet Gateway (IGW). The routing protocols assume all the nodes in the network to be non-malicious. However, the open architecture of WMNs paves way to …",https://ieeexplore.ieee.org/abstract/document/5336925/,"A Prathapani, L Santhanam… - 2009 IEEE 6th …, 2009 - ieeexplore.ieee.org",Intelligent honeypot agent for blackhole attack detection in wireless mesh networks,2009
49,"We present an application of a in detection collaboration with an intrusion detection system. We have designed and implemented a port-scan detection system for scan detection, which can work as a module of the intrusion detection system and …",https://ieeexplore.ieee.org/abstract/document/1345313/,"C Yin, M Li, J Ma, J Sun - Canadian Conference on Electrical …, 2004 - ieeexplore.ieee.org",and scan detection in intrusion detection system,2004
52,"With the improvement of software security, attacks based on RPC vulnerabilities declined, however, attacks based on client application software vulnerabilities have increased. Such client application software includes Web browsers, email client and office. The spread of …",https://ieeexplore.ieee.org/abstract/document/4709194/,"X Sun, Y Wang, J Ren, Y Zhu… - 2008 The 9th International …, 2008 - ieeexplore.ieee.org",Collecting internet malware based on client-side ,2008
54,"Attack detection in high-speed networks is a hot research topic. While the performance of packet oriented signature-based approaches is questionable, flow-based anomaly detection shows high false positive rates. We tried to combine both techniques. In this paper, we study …",https://ieeexplore.ieee.org/abstract/document/5755487/,", W Jaegers, R German - … in Distributed Systems-15 …, 2007 - ieeexplore.ieee.org",Flow-based worm detection using correlated honeypot logs,2007
57,"Honeypots are physical or virtual machines successfully used as intrusion detection tools to detect worm-infected hosts. Denial of service (DoS) attack consumes the resources of a remote client or network itself, there by denying or degrading the service to the legitimate …",https://ieeexplore.ieee.org/abstract/document/4777392/," - 2009 International Conference on Advanced …, 2009 - ieeexplore.ieee.org",scheme for distributed denial-of-service,2009
58,"Honeypots are flexible security tools for gathering artefacts associated with a variety of Internet attack activities. While existing work on traffic analysis focuses mainly on identifying existing attacks, this paper describes a technique for detecting new attacks based …",https://ieeexplore.ieee.org/abstract/document/5076341/,"S Almotairi, , G Mohay… - … Conference on Internet …, 2009 - ieeexplore.ieee.org",A technique for detecting new attacks in low-interaction honeypot traffic,2009
59,"Monitoring Internet traffic is critical in order to acquire a good understanding of threats and in designing efficient security systems. While honeypots are flexible security tools for gathering intelligence of Internet attacks, traffic collected by honeypots is of high dimensionality that …",https://ieeexplore.ieee.org/abstract/document/4663317/,"S Almotairi, , G Mohay… - 2008 IFIP International …, 2008 - ieeexplore.ieee.org",Characterization of attackers' activities in honeypot traffic using principal component analysis,2008
60,"With the development of the network attack technique, the increase of the security risk on the internet, each host in the network may be the target of the attack. technology can proactively detect and respond to the intrusion and the attack of the network. Compared with …",https://ieeexplore.ieee.org/abstract/document/5622780/,"J Bao, C Ji, M Gao - 2010 International Conference on …, 2010 - ieeexplore.ieee.org",Research on network security of defense based on ,2010
67,"In modern days, breakthroughs in information and communications technologies lead to more and more devices of every imaginable type being connected to the Internet. This also strengthens the need for protection against cyber-attacks, as virtually any devices with a …",https://ieeexplore.ieee.org/abstract/document/7442780/,", , , … - IEEE Internet of Things …, 2016 - ieeexplore.ieee.org",Deceptive attack and defense game in honeypot -enabled networks for the internet of things,2016
69,"When traditional firewall and intrusion detection systems (IDS) are used to detect possible attacks from the network, they often make wrong decisions and block the legitimate connections. In this paper we propose a new architecture which is composed of distributed …",https://ieeexplore.ieee.org/abstract/document/4482815/,"B Khosravifar,  - 22nd International Conference on …, 2008 - ieeexplore.ieee.org",An experience improving intrusion detection systems false alarm ratio by using ,2008
74,"This paper intends to illustrate the usefulness of deploying multiple simple sensors in a large variety of locations. Indeed, a permanent identification of anomalies that occur on a single sensor allows pinpointing abnormal local activities. These can be the manifest of …",https://ieeexplore.ieee.org/abstract/document/1592526/,"PT Chen, CS Laih, F Pouget… - … Workshop on Systematic …, 2005 - ieeexplore.ieee.org",Comparative survey of local honeypot sensors to assist network forensics,2005
75,"This paper presents an intrusion detection module based on honey pot technology, which utilizes IP Trace back technique. By using the mobile agents, this module has the capability of distributed detection and response, the whole detection module can be extended with …",https://ieeexplore.ieee.org/abstract/document/6187883/,"L Dongxia, Z Yongbo - 2012 international conference on …, 2012 - ieeexplore.ieee.org",An intrusion detection system based on honeypot technology,2012
78,"The wide spread of cyber-attacks made the need of gathering as much information as possible about them, a real demand in nowadays global context. The systems have become a powerful tool on the way to accomplish that. Researchers have already …",https://ieeexplore.ieee.org/abstract/document/6866707/,",  - 2014 10th International Conference on …, 2014 - ieeexplore.ieee.org",RASSH-Reinforced adaptive SSH ,2014
79,"Traditionally, the strategy to defend one's organization as best as possible is to detect any failures in the defense, and then react to those failures. The problem with this approach is that it is purely defensive; the enemy is on the attack. Honeypots attempt to change this; they …",https://ieeexplore.ieee.org/abstract/document/1273174/,"S Yeldi, , T Ganacharya, S Doshi… - … 2003. Conference on …, 2003 - ieeexplore.ieee.org",Enhancing network intrusion detection system with ,2003
83,"Honeypots are valuable tools for detecting and analyzing malicious activity on the Internet. Successful and time-critical detection of such activity often depends on large-scale deployment. However, commercial organizations usually do not share data, and …",https://ieeexplore.ieee.org/abstract/document/5319295/,"WY Chin, , … - … on Network and …, 2009 - ieeexplore.ieee.org",HoneyLab: large-scale honeypot deployment and resource sharing,2009
84,"Routing protocols are essential for interconnecting networks; however they may enclose several vulnerabilities that can be exploited by malicious attackers. For example, an attacker may send forged packets to a router with the intention of changing or corrupting the routing …",https://ieeexplore.ieee.org/abstract/document/5411968/,", … - 2009 Fourth International …, 2009 - ieeexplore.ieee.org",router for routing protocols protection,2009
85,is a closely monitored computer resource that emulates behaviors of production host within a network in order to lure and attract the attackers. The workability and effectiveness of a deployed depends on its technical configuration. Since …,https://ieeexplore.ieee.org/abstract/document/6268588/,"WZA Zakaria,  - 2012 8th International Conference on …, 2012 - ieeexplore.ieee.org",A review on artificial intelligence techniques for developing intelligent ,2012
87,"Internet attacks are becoming more advanced as the economy for cybercrime grows and the tools for evading detection become ubiquitous. To counter this threat, new detection and forensics tools are needed to capture these new techniques. In this paper, we propose a …",https://ieeexplore.ieee.org/abstract/document/4267550/,", CP Lee, YH Xia… - 2007 IEEE SMC …, 2007 - ieeexplore.ieee.org",Timekeeper: a metadata archiving method for honeypot forensics,2007
91,"In this paper, on the basis of the research on technology, in view of the many problems in current traditional security resource applications, the technology is used in network security defense, and a -based distributed intrusion prevention …",https://ieeexplore.ieee.org/abstract/document/5234504/,"Z Li-Juan - 2009 2nd IEEE International Conference on …, 2009 - ieeexplore.ieee.org",-based defense system research and design,2009
92,A is an information system resource used to divert attackers and hackers away from critical resources as well as a tool to study an attacker's methods. One of the most widely used tools is honeyd for creating honeypots. The logs generated by honeyd can grow …,https://ieeexplore.ieee.org/abstract/document/6024606/,"AN Singh, RC Joshi - 2011 International Conference on Signal …, 2011 - ieeexplore.ieee.org",A honeypot system for efficient capture and analysis of network attack traffic,2011
94,"In this paper, we describe the development of J-, a Java-based network deception tool with a Web-based monitoring interface and a rule-based intrusion detection engine. Our J-is based on the Honeyd program by Niels Provos, but features important …",https://ieeexplore.ieee.org/abstract/document/1286568/,"Y Mai, R Upadrashta, X Su - International Conference on …, 2004 - ieeexplore.ieee.org",J-honeypot : a Java-based network deception tool with monitoring and intrusion detection,2004
96,"is an effective security tool, which is intended to be attacked and compromised to gain more information about the attacker and his attack techniques. To study these attacks, the must capture and log large amounts of data which are very difficult to process …",https://ieeexplore.ieee.org/abstract/document/5587041/,", … - ACS/IEEE International …, 2010 - ieeexplore.ieee.org",Data analyzer based on data mining for honeypot router,2010
98,"We investigated client honeypots for detecting and circumstantially analyzing drive-by download attacks. A client requires both improved inspection performance and in-depth analysis for inspecting and discovering malicious websites. However, OS overhead in …",https://ieeexplore.ieee.org/abstract/document/6305259/,", , T Hariu - 2012 IEEE/IPSJ 12th …, 2012 - ieeexplore.ieee.org",Scalable and performance-efficient client honeypot on high interaction system,2012
100,We innovatively propose a monitoring system for mobile communication to decrease the possibility of smart phones being attacked by viruses. The system applies the idea of active theory and combines with communication protection. We initially …,https://ieeexplore.ieee.org/abstract/document/6407408/,", X Zhu, Y Hong, H Zhang… - 2012 fourth international …, 2012 - ieeexplore.ieee.org",A mobile communication honeypot observing system,2012
103,Attackers are most likely to exploit invalidated and unsanitized user input with several attacks such as cross-site scripting (XSS) or SQLinjection. Many methods were proposed to prevent those attacks. Some of them were created to learn about pattern and behavior of the …,https://ieeexplore.ieee.org/abstract/document/7065744/,", , … - 2014 The 1st …, 2014 - ieeexplore.ieee.org",Aggressive web application honeypot for exposing attacker's identity,2014
104,"For the shortcoming of traditional intrusion detection system (IDS) in complex and unknown attack detection. A distributed intrusion detection system based on was proposed. We make use of to collect the invasion characteristics on the network, and use the …",https://ieeexplore.ieee.org/abstract/document/5486267/,"Y Yang, J Mi - 2010 2nd International Conference on Computer …, 2010 - ieeexplore.ieee.org",Design and implementation of distributed intrusion detection system based on ,2010
108,"Nowdays firewall technology in the field of the network security has been used widely, however, facing to various means of attacks, the vulnerability and limitations of firewall technology are more obvious. The paper discusses the technology in the field of …",https://ieeexplore.ieee.org/abstract/document/6014704/,"Y Yang, H Yang, J Mi - 2011 IEEE 3rd International Conference …, 2011 - ieeexplore.ieee.org",Design of distributed honeypot system based on intrusion tracking,2011
109,"Wireless Personal Area Networks (WPAN) allow for the implementation of applications such as home automation, remote control services, near-field technologies and personal health care management. Security is a critical requirement of the standards and protocols for these …",https://ieeexplore.ieee.org/abstract/document/7983603/,"S Dowling, ,  - 2017 28th Irish Signals and …, 2017 - ieeexplore.ieee.org",A ZigBee honeypot to assess IoT cyberattack behaviour,2017
112,"Honeypots derive much of their value from their ability to fool attackers into believing they're authentic machines. Current cyber-physical system (CPS) honeypots fail to sufficiently capture and simulate behavior that's necessary to project this authenticity. In response, the …",https://ieeexplore.ieee.org/abstract/document/7676152/,"S Litchfield, , J Rogers… - IEEE Internet …, 2016 - ieeexplore.ieee.org",Rethinking the honeypot for cyber-physical systems,2016
114,"Voice over IP (VoIP) and the Session Initiation Protocol (SIP) are establishing themselves as strong players in the field of multimedia communications over IP, leveraged by low cost services and easy management. Nevertheless, the security aspects are not yet fully …",https://ieeexplore.ieee.org/abstract/document/5990712/,"R Do Carmo, ,  - 12th IFIP/IEEE International …, 2011 - ieeexplore.ieee.org",Artemisa: An open-source honeypot back-end to support security in VoIP domains,2011
115,Honeypots present networked computer systems with known security flaws to attackers and can serve to collect the executable code (malware) aiming to exploit the vulnerability. We describe and evaluate the proof-of-concept NetStage Architecture for a high-speed …,https://ieeexplore.ieee.org/abstract/document/5694317/,"S Muhlbach, , C Roblee… - … Conference on Field …, 2010 - ieeexplore.ieee.org",Malcobox: Designing a 10 gb/s malware collection honeypot using reconfigurable technology,2010
116,The inherent vulnerabilities in TCT/IP architecture give dearth of opportunities to DDoS attackers. The array of schemes proposed for detection of these attacks in real time is either targeted towards low rate attacks or high bandwidth attacks. Tresence of low rate attacks …,https://ieeexplore.ieee.org/abstract/document/4299773/,"A Sardana, , RC Joshi - … International Symposium on …, 2007 - ieeexplore.ieee.org",Detection and honeypot based redirection to counter DDoS attacks in ISP domain,2007
118,"Wireless technologies provide a new channel for implementation of mobile payments systems. In this regard, the potential of short-range wireless technologies such as Bluetooth is enormous. These systems can be used for proximity payment to vending machines or …",https://ieeexplore.ieee.org/abstract/document/5413764/,",  - 2009 International Conference on …, 2009 - ieeexplore.ieee.org",Securing Bluetooth-based payment system using ,2009
119,"The need to urgently address the security issues related to SCADA system remains high. Contrary to regular IT systems, most successful SCADA attacks can have serious consequences on the nation's economy, stability and, worse affect people's live directly. In …",https://ieeexplore.ieee.org/abstract/document/6690926/,"JP Disso, , S Bailey - 2013 Eighth International …, 2013 - ieeexplore.ieee.org",A plausible solution to SCADA security honeypot systems,2013
124,In this paper we propose the P2P that prevents illegal or harmful files from spreading in P2P network. We apply the idea of to P2P network. We build fake P2P service farms and monitor and trace users who spread or gain illegal or harmful files in …,https://ieeexplore.ieee.org/abstract/document/4195182/,", T Nam - The 9th International Conference on Advanced …, 2007 - ieeexplore.ieee.org",P2p honeypot to prevent illegal or harmful contents from spreading in p2p network,2007
125,"A distributed system is a collection of honeypots distributed throughout the Internet that send their data to a central analysis point. In such a system, the need for automation, flexibility, and transparency in data control, data capture, and cleanup is more …",https://ieeexplore.ieee.org/abstract/document/1437808/,"C Carella, J Dike, N Fox, M Ryan - Proceedings from the Fifth …, 2004 - ieeexplore.ieee.org",UML Extensions for Honeypots in the ISTS Distributed honeypot Project,2004
128,"A is a type of information system that is used to obtain information on intruders in a network. When a is deployed in front of a firewall, it can serve as an early warning system. When deployed behind the firewall, it can serve as part of a defense-in-depth …",https://ieeexplore.ieee.org/abstract/document/4565077/,"CH Yeh,  - 2008 IEEE International Conference on …, 2008 - ieeexplore.ieee.org",Design and implementation of honeypot systems based on open-source software,2008
129,"Honeypots are an indispensable tool for network and system security as well as for computer forensic investigations. They can be helpful for detecting possible intrusions, as well as for gathering information about their source, attack patterns, final target and purpose …",https://ieeexplore.ieee.org/abstract/document/7237039/,", … - … Conference on High …, 2015 - ieeexplore.ieee.org",A honeypot system with honeyword-driven fake interactive sessions,2015
130,"Spam has become one of the most annoying and costly phenomenon in the Internet. Valid e-mail addresses belong to the most valuable resources of spammers, but little is known about spammers' behavior when collecting and harvesting addresses and spammers' capabilities …",https://ieeexplore.ieee.org/abstract/document/1495931/," - Proceedings from the Sixth Annual IEEE SMC …, 2005 - ieeexplore.ieee.org",An e-mail honeypot addressing spammers' behavior in collecting and applying addresses,2005
131,"Honeypots are highly valued for their detective function. However, suitable detection models use in system have not been fully explored. We present HonIDS, a system for detecting malicious hosts and intruders in local network. HonIDS is characterized …",https://ieeexplore.ieee.org/abstract/document/1610006/,", HP Hu, XC Lu, J Wang - Fourth IEEE International …, 2006 - ieeexplore.ieee.org",Honids: Enhancing honeypot system with intrusion detection models,2006
132,"The popularity of the Internet is rising day by day, hence the security is becoming the main focused point with the advent and rising popularity of the Internet. In this paper we are proposing an integrated framework of malware collection and analysis using both of the …",https://ieeexplore.ieee.org/abstract/document/6304786/,", , JS Bhatia - 2012 IEEE 7th International …, 2012 - ieeexplore.ieee.org",Hybrid honeypot framework for malware collection and analysis,2012
133,"In recent years, attackers have started to use web pages to deliver their malicious code to users. Web-based malware overcomes signature-based detection by modification of the code or using zero-day exploits. We propose a malicious activity detection method using …",https://ieeexplore.ieee.org/abstract/document/6088149/,",  - 2011 7th International Conference on …, 2011 - ieeexplore.ieee.org",Predicting client-side attacks via behaviour analysis using honeypot data,2011
134,"For the hackers' attacks on the network is constantly updated, the traditional defense dealing with unknown invasion become powerless and can not effectively protect the network. This paper proposes the application of honeypots in the LAN system, where the virtual and …",https://ieeexplore.ieee.org/abstract/document/5982237/,"L Li, H Sun,  - 2011 IEEE 2nd International Conference …, 2011 - ieeexplore.ieee.org",The research and design of honeypot system applied in the LAN security,2011
136,"To meet network security requirement, the model of SISH (Study of Intrusion Signature based on ) takes advantage of technology to collect the activities of attackers on the . According to information replied from the , and data …",https://ieeexplore.ieee.org/abstract/document/1578880/,"JF Tian, J Wang, X Yang, R Li - Sixth International Conference …, 2005 - ieeexplore.ieee.org",A Study of Intrusion Signature Based on ,2005
140,"In this paper, a deceptive system, called honeyanole, is developed to escape from hunting as well as to collect attacking information. In honeyanole, three phases of collection, redirection and deception are implemented. In the collection phase, four types of attacking …",https://ieeexplore.ieee.org/abstract/document/4580673/,"LM Shiue, SJ Kao - 2008 International Conference on …, 2008 - ieeexplore.ieee.org",Countermeasure for detection of honeypot deployment,2008
141,"is a prominent technology that helps us learn new hacking techniques from attackers and intruders. The much information from multiple servers, the more appropriate signatures we can generate. To ease the administrator to manage and monitor …",https://ieeexplore.ieee.org/abstract/document/5930083/,", U Jaralrungroj… - … Joint Conference on …, 2011 - ieeexplore.ieee.org",Distributed honeypot log management and visualization of attacker geographical distribution,2011
144,Since honeypots first appeared as an advanced network security concept they suffer from poor deployment and maintenance strategies. State-of-the-Art deployment is a manual process in which the needs to be configured and maintained by a network …,https://ieeexplore.ieee.org/abstract/document/7890056/,", M Zimmermann… - 2017 19th International …, 2017 - ieeexplore.ieee.org","An adaptive honeypot configuration, deployment and maintenance strategy",2017
148,Internet technology today is not free from many problems or security holes. This security holes could be exploited by an unauthorized person to steal important data. The case of the attacks occurred because the party that was attacked also did not realize the importance of …,https://ieeexplore.ieee.org/abstract/document/7814970/,"DK Rahmatullah, SM Nasution… - … Conference on Control …, 2016 - ieeexplore.ieee.org",Implementation of low interaction web server honeypot using cubieboard,2016
149,"Server honey pots are computer systems that hide in a network capturing attack packets. As the name goes, server honey pots are installed in server machines running a set of services. Enterprises and government organisations deploy these honey pots to know the extent of …",https://ieeexplore.ieee.org/abstract/document/7083380/,",  - 2015 international conference on …, 2015 - ieeexplore.ieee.org",Scalable honeypot architecture for identifying malicious network activities,2015
150,"Recently, advances in cyber-physical systems and IoT led to an increase in devices connected to the internet. This rise of functionality also comes with an increased attack surface for cyber criminals. A proven method for forensic investigations of trends and …",https://ieeexplore.ieee.org/abstract/document/8074855/,", , … - … Conference on Cyber …, 2017 - ieeexplore.ieee.org",Investigation of cyber crime conducted by abusing weak or default passwords with a medium interaction ,2017
160,One of the most common security attack for web application is SQL injection. It is an attack to acquire access to application's database through injection of script or malicious query attributes. This attack can be executed in any page of web application which interacts with …,https://ieeexplore.ieee.org/abstract/document/6936499/,", , … - 2014 International …, 2014 - ieeexplore.ieee.org",SQL injection detection and prevention system with raspberry Pi honeypot cluster for trapping attacker,2014
161,SQL injection attacks continue to be a major problem for Web applications. We investigate design considerations for an application layer to attract and learn about SQL injection attacks. The responds with indications of vulnerability leading attackers …,https://ieeexplore.ieee.org/abstract/document/5355040/,"TM Chen, J Buford - 2009 IEEE 34th Conference on Local …, 2009 - ieeexplore.ieee.org",Design considerations for a honeypot for SQL injection Attacks,2009
165,"With the fast development of WLAN, wireless intrusion prevention systems have recently become the research hotspot. In this paper, we first analyze the drawbacks of WLAN and indicate the primary 802.11-specific threats, then present the framework of the wireless IPS …",https://ieeexplore.ieee.org/abstract/document/5371448/,"G Chen, H Yao, Z Wang - 2009 International Conference on …, 2009 - ieeexplore.ieee.org",Research of wireless intrusion prevention systems based on plan recognition and ,2009
168,"Monitoring communication networks and their traffic is of essential importance for estimating the risk in the Internet, and therefore designing suited protection systems for computer networks. Network and traffic analysis can be done thanks to measurement devices or …",https://ieeexplore.ieee.org/abstract/document/7014136/," - 10th International Conference on Network and …, 2014 - ieeexplore.ieee.org",Unsupervised classification and characterization of honeypot attacks,2014
178,Mobile Ad hoc Networks (MANETs) having strikingly superior features also come with notable disadvantage and troubles and the most exigent amongst all being security related issues. Such an ringent network dexterously pave approach for the malicious nodes. Hence …,https://ieeexplore.ieee.org/abstract/document/6296110/,",  - … on Trust, Security and Privacy in …, 2012 - ieeexplore.ieee.org",Locating the attacker of wormhole attack by using the ,2012
179,"The number of devices connected to computer networks is increasing daily, and so is the number of network-based attacks. A is a system trap that is set to act against unauthorised use of information systems. The objective of this study was to survey the …",https://ieeexplore.ieee.org/abstract/document/7412090/,"RM Campbell, … - 2015 10th international …, 2015 - ieeexplore.ieee.org",A survey of honeypot research: Trends and opportunities,2015
181,This research presents an intrusion detection system t (IDS) with over distributed networks. The main objective is compare measuring the effectiveness of attacks between IDS and IDS with by unicast IP address attack and multicast IP address attack …,https://ieeexplore.ieee.org/abstract/document/6342030/,"A Pomsathit - 2012 spring congress on engineering and …, 2012 - ieeexplore.ieee.org",Effective of unicast and multicast IP address attack over intrusion detection system with ,2012
182,"Detailed introduction of the related knowledge of and intrusion detection technology. From the adaptability, effectiveness and scalability to a detailed analysis of the current intrusion detection system in the existing problems and the technology is …",https://ieeexplore.ieee.org/abstract/document/6976452/,"X Suo, X Han, Y Gao - 2014 IEEE workshop on advanced …, 2014 - ieeexplore.ieee.org",Research on the application of honeypot technology in intrusion detection system,2014
183,"Wireless sensor networks have become a technology for the new millennium with the endless possibilities for applications ranging from academic to military. These tiny sensors are deployed in open environments, where security for data or hardware cannot be …",https://ieeexplore.ieee.org/abstract/document/5326356/,", LA Osadciw - 2009 6th Annual International …, 2009 - ieeexplore.ieee.org",An intrusion detection framework for sensor networks using honeypot and Swarm Intelligence,2009
185,"The main objective of this research is to integrate and IDS, which can generate and activate snort rule automatically based on the data sending by server. The new technic is present in this paper, will collect the data, send the data to IDS, and …",https://ieeexplore.ieee.org/abstract/document/7409013/," - 2015 7th International Conference on Information …, 2015 - ieeexplore.ieee.org",Automatic SNORT IDS rule generation based on honeypot log,2015
193,"Recently, the increase of interconnectivity has led to a rising amount of IoT enabled devices in botnets. Such botnets are currently used for large scale DDoS attacks. To keep track with these malicious activities, Honeypots have proven to be a vital tool. We developed and set …",https://ieeexplore.ieee.org/abstract/document/7943186/,", M Zimmermann, … - … on Cloud Computing …, 2017 - ieeexplore.ieee.org",Distributed and highly-scalable wan network attack sensing and sophisticated analysing framework based on honeypot technology,2017
194,"In this paper we present empirical results and speculative analysis based on observations collected over a two month period from studies with two high interaction honeynets, deployed in a corporate and an SME (small to medium enterprise) environment, and a …",https://ieeexplore.ieee.org/abstract/document/4700327/,", , A Povyakalo… - … on Software Reliability …, 2008 - ieeexplore.ieee.org",Comparison of empirical data from two honeynets and a distributed honeypot network,2008
196,Criminal activity in the Internet is becoming more sophisticated. Traditional information security techniques hardly cope with recent trends. Honeypots proved to be a valuable source of threat intelligence. In this work several Honeypots are combined into a Honeynet …,https://ieeexplore.ieee.org/abstract/document/8215724/,", M Zimmermann, A Hafner… - … Conference on Data …, 2017 - ieeexplore.ieee.org",Data mining in long-term honeypot data,2017
197,"DDOS attacks generate flooding traffic from multiple sources towards selected nodes and cause obstruction in flow of legitimate information within a network. If the victim node is the server at ISP level requiring fast information processing, the entire network operation stops …",https://ieeexplore.ieee.org/abstract/document/4554140/,"A Sardana, RC Joshi - 2008 International Symposiums on …, 2008 - ieeexplore.ieee.org",based routing to mitigate ddos attacks on servers at isp level,2008
199,"A is a type of security facility deliberately created to be probed, attacked, and compromised. It is often used for protecting production systems by detecting and deflecting unauthorized accesses. It is also useful for investigating the behavior of attackers, and in …",https://ieeexplore.ieee.org/abstract/document/8098608/,"W Fan, , ,  - IEEE Systems Journal, 2017 - ieeexplore.ieee.org",Enabling an anatomic view to investigate honeypot systems: A survey,2017
204,Malware is a serious threat for modern information technology. It is therefore vital to be able to detect and analyze such malicious software in order to develop contermeasures. Honeypots are a tool supporting that task-they collect malware samples for analysis …,https://ieeexplore.ieee.org/abstract/document/6378948/,", J Gassen - … Conference on Risks and Security of …, 2012 - ieeexplore.ieee.org",A honeypot for arbitrary malware on USB storage devices,2012
205,"The vastness of IPv6 address space and rapid spread of its deployment attract us to usage of IPv6 network. Various types of devices, including embedded systems, are ready to use IPv6 addresses and some of them have already been connected directly to the Internet …",https://ieeexplore.ieee.org/abstract/document/6542540/,"K Kishimoto, K Ohira, Y Yamaguchi… - … on Cyber Security, 2012 - ieeexplore.ieee.org",An adaptive honeypot system to capture ipv6 address scans,2012
206,"In this paper we propose a new architecture, which is composed of distributed cooperative agents to reduce the false alarm ratio of the intrusion detection systems (IDS) in a twofold contribution. The first contribution lies in reducing the false alarm rate of the attack detection …",https://ieeexplore.ieee.org/abstract/document/5136631/,"B Khosravifar, M Gomrokchi… - … Conference on Advanced …, 2009 - ieeexplore.ieee.org",A Multi-Agent-based Approach to Improve Intrusion Detection Systems False Alarm Ratio by Using ,2009
209,Advanced Technology in the area of intrusion detection is the technology that unlike common IDS s tends to provide the attacker with all the necessary resources needed for a successful attack. provide a platform for studying the methods and tools used …,https://ieeexplore.ieee.org/abstract/document/7033844/,"K Chawda,  - International conference on information …, 2014 - ieeexplore.ieee.org",Dynamic & hybrid honeypot model for scalable network monitoring,2014
210,"This paper describes a case study of Honey pot deployment in an organizational network. As per Wikipedia “honey pot is a trap that is set to detect, deflect, or in some manner counteract attempts at unauthorized use of information systems”. These traps could be any …",https://ieeexplore.ieee.org/abstract/document/5958501/,"S Chamotra, JS Bhatia, R Kamal… - … on Emerging Trends in …, 2011 - ieeexplore.ieee.org",Deployment of a low interaction honeypot in an organizational private network,2011
212,This paper enlarges previous works of the authors related to the security of a high-interaction . The challenge is to have a Security Property Language (SPL) for defining the required properties for controlling the activities between processes and …,https://ieeexplore.ieee.org/abstract/document/5194832/,", … - … Conference on High …, 2009 - ieeexplore.ieee.org",A new approach to enforce the security properties of a clustered high-interaction ,2009
214,"It is an important factor for the decoy system to accurately analyze on intrusion information and precisely locate them. As there are some conflict and cooperation relationship among the collected data by system, it needs to fuse the honey …",https://ieeexplore.ieee.org/abstract/document/5489486/,"W Li-feng, W Xiao-bin - 2010 Second International Conference …, 2010 - ieeexplore.ieee.org",Research on honeypot information fusion based on game theory,2010
216,"This paper describes the concept and implementation of the"" E-mail system""(EHS) which is designed to automatically receive, categorize, analyze and archive unsolicited mails (spam). An evaluation of the various system components and the overall system in a …",https://ieeexplore.ieee.org/abstract/document/4456010/,"EP Rathgeb, D Hoffstadt - Second International Conference on …, 2008 - ieeexplore.ieee.org","The e-mail honeypot system concept, implementation and field test results",2008
217,"DDOS attacks generate flooding traffic from multiple sources towards selected nodes and cause obstruction in flow of legitimate information within a network. If the victim node is a server in DMZ requiring fast information processing, the entire network operation stops. We …",https://ieeexplore.ieee.org/abstract/document/4772623/,"A Sardana, RC Joshi - 2008 16th IEEE International …, 2008 - ieeexplore.ieee.org",Autonomous dynamic honeypot routing mechanism for mitigating DDoS attacks in DMZ,2008
221,"Honeypots, ie networked computer systems specially designed and crafted to mimic the normal operations of other systems while capturing and storing information about the interactions with the world outside, are a crucial technology into the study of cyber threats …",https://ieeexplore.ieee.org/abstract/document/7527817/,", S Castanò, F Curcio… - 2016 IEEE …, 2016 - ieeexplore.ieee.org",-powered malware reverse engineering,2016
225,"The emerge of sophisticated attackers and malware that target Industrial Control System (ICS) suggests that novel security mechanisms are required. Honeypots, can act as an additional line of defense, by providing early warnings for such attacks. We present a mobile …",https://ieeexplore.ieee.org/abstract/document/7346907/,", S Srinivasa… - 2015 IEEE Conference …, 2015 - ieeexplore.ieee.org",Did you really hack a nuclear power plant? An industrial control mobile ,2015
229,Web services are increasingly becoming an integral part of next-generation web applications. A Web service is defined as a software system designed to support interoperable machine-to-machine interaction over a network based on a set of XML …,https://ieeexplore.ieee.org/abstract/document/6064371/,", … - SoftCOM 2011, 19th …, 2011 - ieeexplore.ieee.org",Design and implementation of web service ,2011
231,"Historically, robotics systems have not been built with an emphasis on security. Their main purpose has been to complete a specific objective, such as to deliver the correct dosage of a drug to a patient, perform a swarm algorithm, or safely and autonomously drive humans from …",https://ieeexplore.ieee.org/abstract/document/8051259/,"C Irvene, , S Litchfield… - Proceedings of the …, 2017 - ieeexplore.ieee.org",HoneyBot: A honeypot for robotic systems,2017
232,"In order to solve the problems that IDSs and firewalls cannot efficiently detect new SQL injection and too much time is wasted when the security personnel reads log files to analyze attacks, we proposed and implemented a high-interaction web honey pot system for SQL …",https://ieeexplore.ieee.org/abstract/document/6113637/,"J Ma, K Chai, Y Xiao, T Lan… - … Conference of Information …, 2011 - ieeexplore.ieee.org",High-Interaction honeypot System for SQL Injection Analysis,2011
238,"The paper firstly analyzes the limitation of traditional defense methods, including the firewall and the IDS. Then the paper discusses the traditional system in detail. Unfortunately, the traditional is a passive active defense mechanism in nature, and …",https://ieeexplore.ieee.org/abstract/document/6478572/,"L Shi, L Jiang, D Liu, X Han - 2012 8th International …, 2012 - ieeexplore.ieee.org",Mimicry honeypot : a brief introduction,2012
246,"The number of users of VoIP services is increasing every year. Consequently, VoIP systems get more attractive for attackers. This paper describes the implementation of a low interaction for monitoring illegal activities in VoIP environments. The  …",https://ieeexplore.ieee.org/abstract/document/7069104/,"IRJ da Silva Vargas… - IEEE Latin America …, 2015 - ieeexplore.ieee.org",Capture and analysis of malicious traffic in VoIP environments using a low interaction ,2015
250,Dynamic fuzzy rule interpolation (D-FRI) utilises a transformation-based knowledge interpolation mechanism to maintain a concurrent rule base according to the requirements of a given application problem. This feature makes it well-suited for network security …,https://ieeexplore.ieee.org/abstract/document/8622988/,"N Naik, C Shang, … - 2018 IEEE 20th …, 2018 - ieeexplore.ieee.org",Intelligent dynamic honeypot enabled by dynamic fuzzy rule interpolation,2018
251,"With increase in the awareness of security programming, the number of vulnerabilities for software on a machine have subsequently decreased. Exploiting these few vulnerabilities if present, require attackers to use their skills and efforts to exploit various services. Firewalls …",https://ieeexplore.ieee.org/abstract/document/7014753/,"R Shukla, M Singh - Proceedings of 3rd International …, 2014 - ieeexplore.ieee.org",PythonHoneyMonkey: Detecting malicious web URLs on client side honeypot systems,2014
256,In this paper the concept of external appliance as component of in wireless network is suggested as based on particular computing instance. Also paper suggests approach to implementation of complex Intrusion Detection System (IDS)-Router- …,https://ieeexplore.ieee.org/abstract/document/7452093/,"R Banakh, ,  - 2016 13th International …, 2016 - ieeexplore.ieee.org",External elements of honeypot for wireless network,2016
257,"The objective of context is to identify a probable privacy violator before he actually succeeds in capturing desired precious information. We believe that in the environment of robust implementation of privacy policy, privacy breaches can occur only through …",https://ieeexplore.ieee.org/abstract/document/4299373/,", RGS Damor, … - … Workshop on Digital …, 2007 - ieeexplore.ieee.org",Luring: A framework to induce a suspected user into Context ,2007
264,Honeypots are used as a security measure both to divert the attention of a potential attackers intentions and to reveal the attacker since the only reason someone would interact with honeypots is if they are looking for a vulnerable target. Honeypots emulate only a part of the …,https://ieeexplore.ieee.org/abstract/document/7973617/,"S Kuman, ,  - 2017 40th International …, 2017 - ieeexplore.ieee.org",An experiment in using IMUNES and Conpot to emulate honeypot control networks,2017
276,Honeypots have been largely used to capture and investigate malicious behavior through deliberately sacrificing their own resources in order to be attacked. Hybrid architectures consisting of frontends and backends are widely used in the research area …,https://ieeexplore.ieee.org/abstract/document/8004194/,"W Fan,  - 2017 IEEE Conference on Network …, 2017 - ieeexplore.ieee.org",A novel SDN based stealthy TCP connection handover mechanism for hybrid honeypot systems,2017
277,"Attacks on the internet keep on increasing and it causes harm to our security system. In order to minimize this threat, it is necessary to have a security system that has the ability to detect zero-day attacks and block them.“is the proactive defense technology, in …",https://ieeexplore.ieee.org/abstract/document/7724682/,"JR Kondra, , … - 2016 3rd International …, 2016 - ieeexplore.ieee.org",-based intrusion detection system: A performance analysis,2016
278,Our contribution through this paper is to provide a novel approach for securing hosts inside the home network using predictive attack detection and honeypots. We have given a unique method to secure hosts inside the home network. After securing these hosts we redirect …,https://ieeexplore.ieee.org/abstract/document/6544422/,", S Tapaswi - 2013 9th International Conference on …, 2013 - ieeexplore.ieee.org",A software router based predictive honeypot roaming scheme for network security and attack analysis,2013
288,"The scale-free networks perform obvious frangibility under intentional attack. In order to study the invulnerability of scale-free networks under intentional attack, we bring forwards to applying"" "" which is a new technology of Internet security to scale-free networks …",https://ieeexplore.ieee.org/abstract/document/4681109/,"N Zhao, X Zhang - 2008 4th International Conference on …, 2008 - ieeexplore.ieee.org","The Model of the Invulnerability of Scale-Free Networks Based on"" honeypot """,2008
290,"With the growing sophistication of computer worms, information security has become a prime concern for individuals, community and organizations. Traditional signature based IDS, though effective for known attacks but failed to handle the unknown attack promptly …",https://ieeexplore.ieee.org/abstract/document/6514213/,",  - 2013 3rd IEEE International Advance …, 2013 - ieeexplore.ieee.org",based signature generation for defense against polymorphic worm attacks in networks,2013
292,"Computer system security is one of the most popular and the fastest evolving Information Technology (IT) areas. Protection of information access, availability and data integrity represents the basic security characteristics desired on information sources. Any disruption …",https://ieeexplore.ieee.org/abstract/document/6480993/,"L Vokorokos, P Fanfara… - 2013 IEEE 11th …, 2013 - ieeexplore.ieee.org",Sophisticated honeypot mechanism-the autonomous hybrid solution for enhancing computer system security,2013
300,"This article observes the possibility of protection network resources from malicious attacks using traps that simulate SSH service. There are overviewed main types of attacks, analyzed existing software solutions, its basic working principles and opportunities for further …",https://ieeexplore.ieee.org/abstract/document/7910572/,"AA Egupov, SV Zareshin, IM Yadikin… - 2017 IEEE Conference …, 2017 - ieeexplore.ieee.org",Development and implementation of a honeypot -trap,2017
305,The network technology is a new type of proactive defense technique in the network information security. This paper introduces the idea of in the network to the field of management and explores the concepts and functions of management  …,https://ieeexplore.ieee.org/abstract/document/5591984/,"L Hong-Xia, W Pu, Z Jian… - … Conference on E …, 2010 - ieeexplore.ieee.org",Exploration on the connotation of management ,2010
312,"Honeypots are servers or systems built to mimic critical parts of a network, distracting attackers while logging their information to develop attack profiles. This paper discusses the design and implementation of a disguised as a REpresentational State Transfer …",https://ieeexplore.ieee.org/abstract/document/8284180/,"G Leaden, M Zimmermann, C DeCusatis… - 2017 IEEE MIT …, 2017 - ieeexplore.ieee.org",An API honeypot for DDoS and XSS analysis,2017
318,Honeypots have been studied in the network domain for detection and information collection against external threats in the past few years. They lure a potential attacker by simulating resources having vulnerabilities and observing the behavior of a potential attacker to identify …,https://ieeexplore.ieee.org/abstract/document/4580013/,", , R Damor, … - … on Emerging Trends …, 2008 - ieeexplore.ieee.org",Context honeypot : A framework for anticipatory privacy violation,2008
325,"The security of computer systems and networks is severely threatened today by the combination of novel attack patterns and high traffic volumes. Together, this often exceeds the capabilities of purely software-based network security systems. As an alternative …",https://ieeexplore.ieee.org/abstract/document/6902760/,"S Mühlbach, A Koch - IEEE Journal on Selected Areas in …, 2014 - ieeexplore.ieee.org",A reconfigurable platform and programming tools for high-level network applications demonstrated as a hardware ,2014
328,"Honeypots are decoys designed to trap, delay, and gather information about attackers. All the previous work in the field was related mainly to intrusion detection system, but in this research work, the highlight is more focused on the novel approach of creation of a …",https://ieeexplore.ieee.org/abstract/document/5437712/,",  - 2010 Second International Conference …, 2010 - ieeexplore.ieee.org",Hybrid framework for behavioral prediction of network attack using honeypot and dynamic rule creation with different context for dynamic blacklisting,2010
329,Dynamic Fuzzy Rule Interpolation (D-FRI) offers a dynamic rule base for fuzzy systems which is especially useful for systems with changing requirements and limited prior knowledge. This suggests a possible application of D-FRI in the area of network security due …,https://ieeexplore.ieee.org/abstract/document/8628775/,"N Naik, C Shang, … - 2018 IEEE Symposium …, 2018 - ieeexplore.ieee.org",Vigilant dynamic honeypot assisted by dynamic fuzzy rule interpolation,2018
331,"The data processing capabilities of MapReduce systems pioneered with the on-demand scalability of cloud computing have enabled the Big Data revolution. However, the data controllers/owners worried about the privacy and accountability impact of storing their data …",https://ieeexplore.ieee.org/abstract/document/7165951/,", … - … on Intelligence and …, 2015 - ieeexplore.ieee.org",based unauthorized data access detection in MapReduce systems,2015
332,"In Industrial Control System (ICS) networks, it is generally difficult to discover security threats from logs recorded in ICS devices, such as packets originated from malware-infected devices and evidence of the devices remotely controlled by attackers. This is due to the fact …",https://ieeexplore.ieee.org/abstract/document/8105603/,"S Abe, Y Tanaka, Y Uchida… - 2017 56th Annual …, 2017 - ieeexplore.ieee.org",Tracking attack sources based on traceback honeypot for ICS network,2017
334,"Cybersecurity is becoming increasingly challenging due to escalating security attacks on networks. A system is an effective entrapment mechanism for collecting information about these attacks and attackers. Nonetheless, one of the biggest risks to the …",https://ieeexplore.ieee.org/abstract/document/8544408/,"N Naik,  - 2018 IEEE International Systems …, 2018 - ieeexplore.ieee.org",Discovering hackers by stealth: Predicting fingerprinting attacks on honeypot systems,2018
339,"This paper aims to find interested association rules, known as data mining technique, out of the dataset of downloading logs by focusing on the coordinated activity among downloading servers. The result of the analysis shows the association rules of the downloading servers …",https://ieeexplore.ieee.org/abstract/document/5636261/,"M Ohrui, , M Terada - 2010 13th International …, 2010 - ieeexplore.ieee.org",Mining association rules consisting of download servers from distributed honeypot observation,2010
341,"Today's Internet technology is not free from problems. Unfortunately, it is used by people who have no right to steal important data. The National ICT Training and Research Center (PUSTIKNAS) Ministry of Communication and Information Technology the Republic of …",https://ieeexplore.ieee.org/abstract/document/7935647/,"H Wafi, , … - … Young Engineers Forum …, 2017 - ieeexplore.ieee.org",Implementation of a modern security systems honeypot Honey Network on wireless networks,2017
342,Proliferation and mobility trends on digital devices has seen a significant realization of Bring Your Own Device (BYOD) which is a phenomenon that allows employees in an organizational enterprise network to access computing resources through their personal …,https://ieeexplore.ieee.org/abstract/document/7530590/,", … - 2016 IST-Africa Week …, 2016 - ieeexplore.ieee.org",A generic Digital Forensic Readiness model for BYOD using honeypot technology,2016
353,Shareware programs are susceptible to piracy. Various reverse engineering methods used to circumvent software-based protection employed by existing shareware programs were analysed in this paper to provide insight into their weaknesses. These weaknesses include …,https://ieeexplore.ieee.org/abstract/document/5276444/,"CHN Jap, P Blanchfield, KSD Su - … International Conference on …, 2006 - ieeexplore.ieee.org",The use of honeypot approach in software-based application protection for shareware programs,2006
354,"With the rapid spread of the Internet, information technologies (ITs) and inadequate basic security of computer systems, it is only a matter of time when the computer systems will be attacked after revealing its existing vulnerabilities and programme weak points. At present …",https://ieeexplore.ieee.org/abstract/document/6674409/,"P Fanfara, M Dufala… - 2013 IEEE 11th …, 2013 - ieeexplore.ieee.org",Usage of proposed autonomous hybrid honeypot for distributed heterogeneous computer systems in education process,2013
356,"The proliferation of cyberattacks, their increase in complexity and therefore their resolution, has resulted in significant concern within the cybersecurity industry. A is a popular concealed tool used to entice attackers to disclose information about themselves. It is an …",https://ieeexplore.ieee.org/abstract/document/8628658/,"N Naik, ,  - 2018 IEEE Symposium Series on …, 2018 - ieeexplore.ieee.org",Threat-aware honeypot for discovering and predicting fingerprinting attacks using principal components analysis,2018
368,This paper proposes software based malware capturing and detection method. Which implements an efficient malware capturing and detection method in environment. It includes collecting the logs from the network using system. It create incident table …,https://ieeexplore.ieee.org/abstract/document/8245158/,"PD Ali,  - 2017 Innovations in Power and Advanced …, 2017 - ieeexplore.ieee.org",Malware capturing and detection in dionaea ,2017
371,"This paper starts with the presentation of results from an IPv6-darknet experiment that we conducted during summer 2012. The experiment indicates that attackers are gaining interest in IPv6 networks and appropriate security tools need to be readied. Therefore, we propose …",https://ieeexplore.ieee.org/abstract/document/7223158/,"S Schindler, B Schnor, S Kiertscher… - … on Security and …, 2013 - ieeexplore.ieee.org",HoneydV6: A low-interaction IPv6 ,2013
373,"With network getting progressed, it is very crucial for us to guard the information that we have. One of these methods is the which is also a very powerful component for security analysts to collect malicious data for a long time. We need to let attackers intrude …",https://ieeexplore.ieee.org/abstract/document/7389693/,"CY Wang, YL Jhao, CS Wang, SJ Chen… - 2015 International …, 2015 - ieeexplore.ieee.org",The bilateral communication-based dynamic extensible ,2015
374,"This article proposes and evaluates the deployment of an automated virtual . Given that an unskilled attacker uses predefined exploit code, honeypots can be built to identify hackers and prevent them from attacking the production network. Building the virtual …",https://ieeexplore.ieee.org/abstract/document/5541608/,"CO VǢrlan, … - 9th RoEduNet IEEE …, 2010 - ieeexplore.ieee.org",A practical analysis of virtual honeypot mechanisms,2010
381,"The number of attacks on IT systems has increased extremely during the last few years. Among the multitude of attack vectors, particularly sophisticated attacks have increased dramatically, which now also increasingly affect small-and medium-sized companies. In …",https://ieeexplore.ieee.org/abstract/document/6682752/,", , G Dreo - 2013 IEEE Conference on …, 2013 - ieeexplore.ieee.org",Attracting sophisticated attacks to secure systems: A new honeypot architecture,2013
385,"Security issues and challenges constitute, undoubtedly, one of the major risks of using cloud computing services. There are approaches that address security requirements, nevertheless there are no guarantees that security breaches are not going to occur in this complex …",https://ieeexplore.ieee.org/abstract/document/7431486/,",  - 2015 IEEE/ACM 8th International …, 2015 - ieeexplore.ieee.org",CloudHoneyCY-An Integrated honeypot Framework for Cloud Infrastructures,2015
386,"A botnet is group of compromised computers that are controlled by a botmaster, who uses them to perform illegal activities. Centralized and P2P (Peer-to-Peer) botnets are the most commonly used botnet types. Honeypots have been used in many systems as computer …",https://ieeexplore.ieee.org/abstract/document/7275017/,"MM Al-Hakbani,  - 2015 IEEE International …, 2015 - ieeexplore.ieee.org",Avoiding honeypot detection in peer-to-peer botnets,2015
388,"Nowadays the security issues of Campus Network become more sharp and urgent, in order to improve the initiative of Campus Network security protection and the validity and pertinency of attacking information collection, this paper presents a new proactive security …",https://ieeexplore.ieee.org/abstract/document/6273260/,"J Zhai, K Wang - Proceedings of 2012 International …, 2012 - ieeexplore.ieee.org",Research on applications of honeypot in Campus Network security,2012
393,"… A. Honeypots  in security community refers to a computer system that is used as a trapto draw the attention of attackers to attack this computer system. All Honeypots have a uniqueconcept … For example, you may put a  web server in the DMZ of your network … ",https://ieeexplore.ieee.org/abstract/document/5563555/,"HR Zeidanloo, MJZ Shooshtari… - 2010 3rd …, 2010 - ieeexplore.ieee.org",A taxonomy of botnet detection techniques,2010
394,"Attack propagation models within systems aim at providing insights about attack strategies that target multiple honeypots, rather than analyzing attacks on each separately. Traditional attack propagation models focus on building a single probabilistic …",https://ieeexplore.ieee.org/abstract/document/7840716/,"A Bar, , … - 2016 IEEE International …, 2016 - ieeexplore.ieee.org",Scalable attack propagation model and algorithms for honeypot systems,2016
398,"This paper discusses the usage of Deception as a strategy in network security and development of Java based that is named as “Maya”. For network deception, intruders are deliberately provided with hosts having one or more vulnerabilities.  …",https://ieeexplore.ieee.org/abstract/document/7508125/," - 2016 6th International Conference-Cloud System …, 2016 - ieeexplore.ieee.org",Detection and analysis of network & application layer attacks using Maya ,2016
400,"Throughout much of the Cyber Grand Challenge (CGC) Final Event (CFE), one team deliberately included a in the form of a simple buffer overflow within most of their “patched” services. This vulnerability could not be reached while executing on the CGC …",https://ieeexplore.ieee.org/abstract/document/8328967/,"MF Thompson - IEEE Security & Privacy, 2018 - ieeexplore.ieee.org",Effects of a honeypot on the cyber grand challenge final event,2018
401,"Securing communication is a comprehensive challenge due to the increasing of threats and attacks to network security. By knowing the various of threats and attacks, we can collect broad data from the network, by using . Implemented uses low …",https://ieeexplore.ieee.org/abstract/document/7892469/,"I Sembiring - 2016 3rd International Conference on Information …, 2016 - ieeexplore.ieee.org",Implementation of honeypot to detect and prevent distributed denial of service attack,2016
406,"Wireless sensor networks (WSN) are entering the daily life of many. Like wireless LAN before, these are a new playground for developers, but also offer new ways for misuse of this technology. For the improvement of security and to get more valuable data about new …",https://ieeexplore.ieee.org/abstract/document/6974871/,"J Markert, M Massoth - 2014 25th international workshop on …, 2014 - ieeexplore.ieee.org",effectiveness in different categories of attacks on wireless sensor networks,2014
407,This paper proposes an implementation of that detects and reports telnet attacks on Internet-of-Things (IoT) devices. The operates with manual and Mirai-based attacks. A multi-component design is implemented in order to attain sufficient exposure to …,https://ieeexplore.ieee.org/abstract/document/8249458/,",  - 2017 25th Telecommunication Forum …, 2017 - ieeexplore.ieee.org",IoT honeypot : A multi-component solution for handling manual and Mirai-based attacks,2017
411,"The goal of this research is to increase security through data analysis with Artificial Neural Network (ANN). Thus, first we present an approach to detection presence of computer malcode in the based on ANN while using the computer's behavioral …",https://ieeexplore.ieee.org/abstract/document/5484823/,"M Daliran, … - … on Networked Computing, 2010 - ieeexplore.ieee.org",Using data analysis by deploying artificial neural networks to increase honeypot security,2010
412,"In order to effectively detect the scan attack on high-speed links, this paper improves the commonly used scan detection algorithm TRW (Threshold Random Walk) based on , and makes a detailed analysis on its performance. The analysis shows that the …",https://ieeexplore.ieee.org/abstract/document/5657900/,"X Wang, F Liu, , Z Lei - 2010 2nd IEEE …, 2010 - ieeexplore.ieee.org",Research for scan detection algorithm of high-speed links based on ,2010
